[
  {
    "id": "1",
    "user_id": "doglover123",
    "createdAt": "2024-11-26T09:00:00+09:00",
    "title": "강아지의 하루 루틴",
    "description": "우리 강아지의 하루 일상을 공유합니다. 너무 귀여운 순간들로 가득해요!",
    "imgUrl": "https://cdn.pixabay.com/photo/2016/12/13/05/15/puppy-1903313_640.jpg",
    "likes": 50,
    "comments": [
      {
        "user_id": "puppyfan01",
        "content": "강아지가 너무 사랑스러워요!",
        "createdAt": "2024-11-26T10:00:00+09:00"
      },
      {
        "user_id": "dogmom22",
        "content": "우리 강아지도 이렇게 귀엽게 찍어보고 싶어요.",
        "createdAt": "2024-11-26T11:00:00+09:00"
      }
    ],
    "tags": ["강아지", "루틴", "일상"]
  },
  {
    "id": "2",
    "user_id": "puppychef",
    "createdAt": "2024-11-26T09:00:00+09:00",
    "title": "강아지를 위한 간식 만들기",
    "description": "집에서 간단히 만들 수 있는 강아지 간식 레시피를 소개합니다!",
    "imgUrl": "https://cdn.pixabay.com/photo/2020/03/31/19/20/dog-4988985_640.jpg",
    "likes": 305,
    "comments": [
      {
        "user_id": "snacklover",
        "content": "우리 강아지가 정말 좋아할 것 같아요!",
        "createdAt": "2024-11-26T09:30:00+09:00"
      },
      {
        "user_id": "bakingmom",
        "content": "레시피 공유 감사합니다. 꼭 만들어볼게요.",
        "createdAt": "2024-11-26T10:15:00+09:00"
      }
    ],
    "tags": ["강아지", "일상"]
  },
  {
    "id": "3",
    "user_id": "walkingthedog",
    "createdAt": "2024-11-25T12:30:00+09:00",
    "title": "강아지와 산책하기",
    "description": "강아지와 함께 산책하는 팁과 즐거운 시간을 보내는 방법을 공유합니다.",
    "imgUrl": "https://cdn.pixabay.com/photo/2020/11/08/10/25/dog-5723334_640.jpg",
    "likes": 515,
    "comments": [
      {
        "user_id": "happypaws",
        "content": "좋은 팁 정말 감사해요. 오늘 바로 시도해봐야겠어요!",
        "createdAt": "2024-11-25T13:00:00+09:00"
      },
      {
        "user_id": "dogwalker",
        "content": "산책의 중요성을 다시 한 번 느끼게 되었어요.",
        "createdAt": "2024-11-25T14:30:00+09:00"
      }
    ],
    "tags": ["강아지"]
  },
  {
    "id": "4",
    "user_id": "cutepuppy12",
    "createdAt": "2024-11-24T08:00:00+09:00",
    "title": "강아지의 일상 사진",
    "description": "우리 강아지가 얼마나 귀여운지 사진으로 보여드릴게요!",
    "imgUrl": "https://cdn.pixabay.com/photo/2016/12/13/05/15/puppy-1903313_640.jpg",
    "likes": 38,
    "comments": [
      {
        "user_id": "puppylove",
        "content": "강아지 너무 귀엽네요! 다음 사진도 기대할게요.",
        "createdAt": "2024-11-24T08:30:00+09:00"
      },
      {
        "user_id": "furrymom",
        "content": "이 강아지 정말 포토제닉하네요!",
        "createdAt": "2024-11-24T09:00:00+09:00"
      }
    ],
    "tags": ["강아지", "루틴", "일상"]
  },
  {
    "id": "6",
    "user_id": "dogtreats",
    "createdAt": "2024-11-22T15:45:00+09:00",
    "title": "강아지를 위한 건강 간식",
    "description": "강아지들이 좋아하는 건강한 간식을 만드는 방법을 알려드려요.",
    "imgUrl": "https://via.placeholder.com/150",
    "likes": 20,
    "comments": [
      {
        "user_id": "healthydog",
        "content": "이 간식 정말 좋아 보여요! 우리 강아지에게 딱일 것 같아요.",
        "createdAt": "2024-11-22T16:00:00+09:00"
      },
      {
        "user_id": "doggyday",
        "content": "재료도 간단하고 따라 하기 쉬울 것 같아요. 감사합니다!",
        "createdAt": "2024-11-22T16:30:00+09:00"
      }
    ],
    "tags": ["강아지", "루틴", "일상"]
  },
  {
    "id": "7",
    "user_id": "dogtech",
    "createdAt": "2024-11-21T18:00:00+09:00",
    "title": "강아지 관련 기술 소개",
    "description": "강아지 케어를 도와주는 최신 기술들을 소개합니다.",
    "imgUrl": "https://via.placeholder.com/150",
    "likes": 18,
    "comments": [
      {
        "user_id": "techdog",
        "content": "이런 기술들이 정말 강아지와 보호자 모두에게 도움이 되겠어요!",
        "createdAt": "2024-11-21T18:15:00+09:00"
      },
      {
        "user_id": "smartpup",
        "content": "이 제품들 더 알아보고 싶어요. 좋은 정보 감사합니다!",
        "createdAt": "2024-11-21T18:45:00+09:00"
      }
    ],
    "tags": ["강아지", "루틴", "일상"]
  }
]
